{"cameraMode":{"drawMode":0,"name":"Shaded","section":"Shading Mode"},"sceneLighting":true,"audioPlay":false,"sceneViewState":{"showFog":true,"showMaterialUpdate":false,"showSkybox":true,"showFlares":true,"showImageEffects":true,"showParticleSystems":true},"in2DMode":false,"pivot":{"x":0.5,"y":0.46369999647140505,"z":7.076085567474365},"rotation":{"x":0.018788203597068788,"y":0.9757038950920105,"z":-0.19759169220924378,"w":0.09277573972940445},"size":1.309068202972412,"orthographic":false}