{"cameraMode":{"drawMode":0,"name":"Shaded","section":"Shading Mode"},"sceneLighting":false,"audioPlay":false,"sceneViewState":{"showFog":true,"showMaterialUpdate":false,"showSkybox":true,"showFlares":true,"showImageEffects":true,"showParticleSystems":true},"in2DMode":false,"pivot":{"x":2.900334358215332,"y":0.6539033651351929,"z":-0.14826583862304688},"rotation":{"x":0.012766464613378048,"y":0.9872264862060547,"z":-0.11453420668840409,"w":0.11003432422876358},"size":4.880325794219971,"orthographic":false}