{"cameraMode":{"drawMode":0,"name":"Shaded","section":"Shading Mode"},"sceneLighting":true,"audioPlay":false,"sceneViewState":{"showFog":true,"showMaterialUpdate":false,"showSkybox":false,"showFlares":true,"showImageEffects":true,"showParticleSystems":true},"in2DMode":false,"pivot":{"x":-1.281320571899414,"y":3.866212844848633,"z":-2.0737228393554689},"rotation":{"x":-0.13307584822177888,"y":0.8596262335777283,"z":-0.28325942158699038,"w":-0.40385469794273379},"size":89.95140838623047,"orthographic":false}