{"cameraMode":{"drawMode":0,"name":"Shaded","section":"Shading Mode"},"sceneLighting":true,"audioPlay":false,"sceneViewState":{"showFog":true,"showMaterialUpdate":false,"showSkybox":true,"showFlares":true,"showImageEffects":true,"showParticleSystems":true},"in2DMode":false,"pivot":{"x":7.0164313316345219,"y":-2.556817054748535,"z":-1.6954447031021119},"rotation":{"x":-0.1833420693874359,"y":-0.6399717330932617,"z":0.16102631390094758,"w":-0.7286505699157715},"size":4.9722185134887699,"orthographic":false}