{"cameraMode":{"drawMode":0,"name":"Shaded","section":"Shading Mode"},"sceneLighting":true,"audioPlay":false,"sceneViewState":{"showFog":true,"showMaterialUpdate":false,"showSkybox":true,"showFlares":true,"showImageEffects":true,"showParticleSystems":true},"in2DMode":false,"pivot":{"x":-0.10099995136260987,"y":0.4599999785423279,"z":6.900000095367432},"rotation":{"x":0.001753307180479169,"y":0.9956158399581909,"z":-0.09216731786727905,"w":0.018713893368840219},"size":0.1414213478565216,"orthographic":false}