{"cameraMode":{"drawMode":0,"name":"Shaded","section":"Shading Mode"},"sceneLighting":false,"audioPlay":false,"sceneViewState":{"showFog":true,"showMaterialUpdate":false,"showSkybox":false,"showFlares":true,"showImageEffects":true,"showParticleSystems":true},"in2DMode":false,"pivot":{"x":-0.007961802184581757,"y":0.0005357861518859863,"z":0.27888864278793337},"rotation":{"x":-0.002233572071418166,"y":0.9925849437713623,"z":-0.12050171941518784,"w":-0.018569905310869218},"size":0.179439514875412,"orthographic":false}