{"cameraMode":{"drawMode":0,"name":"Shaded","section":"Shading Mode"},"sceneLighting":true,"audioPlay":false,"sceneViewState":{"showFog":true,"showMaterialUpdate":false,"showSkybox":false,"showFlares":true,"showImageEffects":true,"showParticleSystems":true},"in2DMode":false,"pivot":{"x":2.021416187286377,"y":0.8126891851425171,"z":-4.153039932250977},"rotation":{"x":-0.12115969508886337,"y":-0.812397837638855,"z":0.18209442496299745,"w":-0.5405426025390625},"size":1.0722185373306275,"orthographic":false}