{"cameraMode":{"drawMode":0,"name":"Shaded","section":"Shading Mode"},"sceneLighting":false,"audioPlay":false,"sceneViewState":{"showFog":true,"showMaterialUpdate":false,"showSkybox":false,"showFlares":true,"showImageEffects":true,"showParticleSystems":true},"in2DMode":false,"pivot":{"x":3.119828462600708,"y":2.6814582347869875,"z":-2.4654529094696047},"rotation":{"x":0.001753307180479169,"y":0.9956158399581909,"z":-0.09216731786727905,"w":0.018713893368840219},"size":3.481149673461914,"orthographic":false}